INSERT INTO `category` (`id`, `type`) VALUES
(1, 'News'),
(2, 'Tech'),
(3, 'Lifestyle'),
(4, 'Sports'),
(5, 'Education');

INSERT INTO `comment` (`id`, `createdAt`, `createdBy`, `content`, `postId`) VALUES
(1, '2025-11-24 22:15:51.837', 'Anna', 'Świetny artykuł!', 1),
(2, '2025-11-24 22:15:51.837', 'Kamil', 'Dzięki za podsumowanie.', 2),
(3, '2025-11-24 22:15:51.837', 'Basia', 'Czekam na więcej treści.', 1),
(4, '2025-11-24 22:15:51.837', 'Grzegorz', 'Bardzo przydatne wskazówki.', 6),
(5, '2025-11-24 22:15:51.837', 'Iga', 'Nie zgadzam się z pewnymi tezami.', 3),
(6, '2025-11-24 22:15:51.837', 'Paweł', 'Kto wygrał?', 5),
(7, '2025-11-24 22:15:51.837', 'Magda', 'Super przepis!', 8),
(8, '2025-11-24 22:15:51.837', 'Łukasz', 'Przyda się początkującym.', 9),
(9, '2025-11-24 22:15:51.837', 'Natalia', 'Jakie ustawienia polecasz?', 7),
(10, '2025-11-24 22:15:51.837', 'Szymon', 'Dobre źródła, dzięki.', 3),
(11, '2025-11-24 22:15:51.837', 'Agnieszka', 'Fajna lektura na weekend.', 2),
(12, '2025-11-24 22:15:51.837', 'Dominik', 'Przydałby się przykład.', 3),
(13, '2025-11-24 22:15:51.837', 'Oskar', 'Test komentarza.', 4),
(14, '2025-11-24 22:15:51.837', 'Julia', 'Będę śledzić aktualizacje.', 1),
(15, '2025-11-24 22:15:51.837', 'Weronika', 'Dzięki za praktyczne porady.', 6),
(16, '2025-11-30 13:35:04.999', 'Anna', 'Świetny artykuł!', 1),
(17, '2025-11-30 13:35:04.999', 'Kamil', 'Dzięki za podsumowanie.', 2),
(18, '2025-11-30 13:35:04.999', 'Basia', 'Czekam na więcej treści.', 1),
(19, '2025-11-30 13:35:04.999', 'Grzegorz', 'Bardzo przydatne wskazówki.', 6),
(20, '2025-11-30 13:35:04.999', 'Iga', 'Nie zgadzam się z pewnymi tezami.', 3),
(21, '2025-11-30 13:35:04.999', 'Paweł', 'Kto wygrał?', 5),
(22, '2025-11-30 13:35:04.999', 'Magda', 'Super przepis!', 8),
(23, '2025-11-30 13:35:04.999', 'Łukasz', 'Przyda się początkującym.', 9),
(24, '2025-11-30 13:35:04.999', 'Natalia', 'Jakie ustawienia polecasz?', 7),
(25, '2025-11-30 13:35:04.999', 'Szymon', 'Dobre źródła, dzięki.', 3),
(26, '2025-11-30 13:35:04.999', 'Agnieszka', 'Fajna lektura na weekend.', 2),
(27, '2025-11-30 13:35:04.999', 'Dominik', 'Przydałby się przykład.', 3),
(28, '2025-11-30 13:35:04.999', 'Oskar', 'Test komentarza.', 4),
(29, '2025-11-30 13:35:04.999', 'Julia', 'Będę śledzić aktualizacje.', 1),
(30, '2025-11-30 13:35:04.999', 'Weronika', 'Dzięki za praktyczne porady.', 6),
(31, '2025-11-30 13:43:41.872', 'Anna', 'Świetny artykuł!', 1),
(32, '2025-11-30 13:43:41.872', 'Kamil', 'Dzięki za podsumowanie.', 2),
(33, '2025-11-30 13:43:41.872', 'Basia', 'Czekam na więcej treści.', 1),
(34, '2025-11-30 13:43:41.872', 'Grzegorz', 'Bardzo przydatne wskazówki.', 6),
(35, '2025-11-30 13:43:41.872', 'Iga', 'Nie zgadzam się z pewnymi tezami.', 3),
(36, '2025-11-30 13:43:41.872', 'Paweł', 'Kto wygrał?', 5),
(37, '2025-11-30 13:43:41.872', 'Magda', 'Super przepis!', 8),
(38, '2025-11-30 13:43:41.872', 'Łukasz', 'Przyda się początkującym.', 9),
(39, '2025-11-30 13:43:41.872', 'Natalia', 'Jakie ustawienia polecasz?', 7),
(40, '2025-11-30 13:43:41.872', 'Szymon', 'Dobre źródła, dzięki.', 3),
(41, '2025-11-30 13:43:41.872', 'Agnieszka', 'Fajna lektura na weekend.', 2),
(42, '2025-11-30 13:43:41.872', 'Dominik', 'Przydałby się przykład.', 3),
(43, '2025-11-30 13:43:41.872', 'Oskar', 'Test komentarza.', 4),
(44, '2025-11-30 13:43:41.872', 'Julia', 'Będę śledzić aktualizacje.', 1),
(45, '2025-11-30 13:43:41.872', 'Weronika', 'Dzięki za praktyczne porady.', 6),
(46, '2025-11-30 13:54:39.578', 'Anna', 'Świetny artykuł!', 1),
(47, '2025-11-30 13:54:39.578', 'Kamil', 'Dzięki za podsumowanie.', 2),
(48, '2025-11-30 13:54:39.578', 'Basia', 'Czekam na więcej treści.', 1),
(49, '2025-11-30 13:54:39.578', 'Grzegorz', 'Bardzo przydatne wskazówki.', 6),
(50, '2025-11-30 13:54:39.578', 'Iga', 'Nie zgadzam się z pewnymi tezami.', 3),
(51, '2025-11-30 13:54:39.578', 'Paweł', 'Kto wygrał?', 5),
(52, '2025-11-30 13:54:39.578', 'Magda', 'Super przepis!', 8),
(53, '2025-11-30 13:54:39.578', 'Łukasz', 'Przyda się początkującym.', 9),
(54, '2025-11-30 13:54:39.578', 'Natalia', 'Jakie ustawienia polecasz?', 7),
(55, '2025-11-30 13:54:39.578', 'Szymon', 'Dobre źródła, dzięki.', 3),
(56, '2025-11-30 13:54:39.578', 'Agnieszka', 'Fajna lektura na weekend.', 2),
(57, '2025-11-30 13:54:39.578', 'Dominik', 'Przydałby się przykład.', 3),
(58, '2025-11-30 13:54:39.578', 'Oskar', 'Test komentarza.', 4),
(59, '2025-11-30 13:54:39.578', 'Julia', 'Będę śledzić aktualizacje.', 1),
(60, '2025-11-30 13:54:39.578', 'Weronika', 'Dzięki za praktyczne porady.', 6),
(61, '2026-03-26 21:04:27.709', 'Anonim', 'Niezły sprzęt bratku', 2);

INSERT INTO `post` (`id`, `createdAt`, `updatedAt`, `title`, `content`, `published`, `author`, `categoryId`) VALUES
(1, '2025-11-24 22:12:02.174', '2025-11-24 22:12:02.174', 'Aktualności z rynku', 'Najświeższe wiadomości branżowe.', 1, 'Ania', 1),
(2, '2025-11-24 22:14:49.843', '2025-11-24 22:14:49.843', 'Nowe technologie 2025', 'Przegląd najciekawszych rozwiązań.', 0, 'Bartek', 2),
(3, '2025-11-24 22:14:49.843', '2025-11-24 22:14:49.843', 'Zdrowy styl życia', 'Porady na co dzień.', 1, 'Kasia', 3),
(4, '2025-11-24 22:14:49.843', '2025-11-24 22:14:49.843', 'Mistrzostwa świata - podsumowanie', 'Wyniki i najważniejsze momenty.', 1, 'Piotr', 4),
(5, '2025-11-24 22:14:49.843', '2025-11-24 22:14:49.843', 'Jak uczyć się szybciej', 'Techniki zwiększania efektywności nauki.', 0, 'Marta', 5),
(6, '2025-11-24 22:14:49.843', '2025-11-24 22:14:49.843', 'Recenzja nowego smartfona', 'Test i wrażenia po tygodniu użytkowania.', 1, 'Tomek', 2),
(7, '2025-11-24 22:14:49.843', '2025-11-24 22:14:49.843', 'Przepis na zdrowe śniadanie', 'Szybkie i pożywne propozycje.', 1, 'Ola', 3),
(8, '2025-11-24 22:14:49.843', '2025-11-24 22:14:49.843', 'Plan treningowy dla początkujących', 'Krok po kroku.', 0, 'Marcin', 4),
(9, '2025-11-24 22:14:49.843', '2025-11-24 22:14:49.843', 'Bezpieczeństwo w sieci', 'Jak chronić swoje dane.', 1, 'Ewa', 2);